"pass","bill_name_raw","bill_artist_raw","attr_name_raw","attr_artist_raw","match_note"
2,"2 Reasons","Trey Songz","2 Reasons (feat. T.I.)","Trey Songz","normalize_title removes version tags + feat."
2,"24/7","Meek Mill","24/7 (feat. Ella Mai)","Meek Mill","normalize_title removes version tags + feat."
2,"2U","David Guetta","2U (feat. Justin Bieber)","David Guetta","normalize_title removes version tags + feat."
2,"4 Minutes","Madonna","4 Minutes (feat. Justin Timberlake and Timbaland) - Live","Madonna","normalize_title removes version tags + feat."
2,"4 Minutes","Madonna","4 Minutes (feat. Justin Timberlake and Timbaland)","Madonna","normalize_title removes version tags + feat."
2,"6 Inch","Beyonce","6 Inch (feat. The Weeknd)","Beyonce","normalize_title removes version tags + feat."
2,"After Dark","Drake","After Dark (feat. Static Major & Ty Dolla $ign)","Drake","normalize_title removes version tags + feat."
2,"Ain't No Rest For The Wicked","Cage The Elephant","Ain't No Rest for the Wicked - Live From The Vic In Chicago","Cage The Elephant","normalize_title removes version tags + feat."
2,"Ain't No Rest For The Wicked","Cage The Elephant","Ain't No Rest For The Wicked - Original Version","Cage The Elephant","normalize_title removes version tags + feat."
2,"Airplanes","B.o.B","Airplanes (feat. Hayley Williams)","B.o.B","normalize_title removes version tags + feat."
2,"Alive","P.O.D.","Alive - Acoustic Version","P.O.D.","normalize_title removes version tags + feat."
2,"All Eyes On You","Meek Mill","All Eyes on You (feat. Chris Brown & Nicki Minaj)","Meek Mill","normalize_title removes version tags + feat."
2,"All Eyez","The Game","All Eyez - Bonus Track","The Game","normalize_title removes version tags + feat."
2,"All I Have","Jennifer Lopez","All I Have (feat. LL Cool J)","Jennifer Lopez","normalize_title removes version tags + feat."
2,"All I Need","Fat Joe","All I Need (feat. Armageddon & Tony Sunshine)","Fat Joe","normalize_title removes version tags + feat."
2,"All I Want Is You","Miguel","All I Want Is You (feat. J. Cole)","Miguel","normalize_title removes version tags + feat."
2,"Ambition","Wale","Ambition (feat. Meek Mill & Rick Ross)","Wale","normalize_title removes version tags + feat."
2,"Amen","Meek Mill","Amen (feat. Drake)","Meek Mill","normalize_title removes version tags + feat."
2,"Anything","Jaheim","Anything (feat. Next)","Jaheim","normalize_title removes version tags + feat."
2,"Are We Cuttin'","Pastor Troy","Are We Cuttin' - Album Version (Main)","Pastor Troy","normalize_title removes version tags + feat."
2,"As She's Walking Away","Zac Brown Band","As She's Walking Away (feat. Alan Jackson)","Zac Brown Band","normalize_title removes version tags + feat."
2,"Ass Back Home","Gym Class Heroes","Ass Back Home (feat. Neon Hitch)","Gym Class Heroes","normalize_title removes version tags + feat."
2,"At Last","Beyonce","At Last - Live","Beyonce","normalize_title removes version tags + feat."
2,"Awnaw","Nappy Roots","Awnaw (Modified-Squeaky Clean)","Nappy Roots","normalize_title removes version tags + feat."
2,"Baby Blue","Action Bronson","Baby Blue (feat. Chance the Rapper)","Action Bronson","normalize_title removes version tags + feat."
2,"Baby Boy","Beyonce","Baby Boy (feat. Sean Paul)","Beyonce","normalize_title removes version tags + feat."
2,"Baby Boy","Beyonce","Baby Boy - Live","Beyonce","normalize_title removes version tags + feat."
2,"Baby By Me","50 Cent","Baby By Me (Featuring Ne-Yo)","50 Cent","normalize_title removes version tags + feat."
2,"Baby","Fabolous","Baby (feat. Mike Shorey)","Fabolous","normalize_title removes version tags + feat."
2,"Backseat","New Boyz","Backseat (feat. The Cataracs & Dev)","New Boyz","normalize_title removes version tags + feat."
2,"Bad And Boujee","Migos","Bad and Boujee (feat. Lil Uzi Vert)","Migos","normalize_title removes version tags + feat."
2,"Bad Boyz","Shyne","Bad Boyz (feat. Barrington Levy)","Shyne","normalize_title removes version tags + feat."
2,"Bad For You","Meek Mill","Bad for You (feat. Nicki Minaj)","Meek Mill","normalize_title removes version tags + feat."
2,"Bag Of Money","Wale","Bag of Money (feat. Rick Ross & T-Pain)","Wale","normalize_title removes version tags + feat."
2,"Baggage Claim","Miranda Lambert","Baggage Claim - Radio Edit","Miranda Lambert","normalize_title removes version tags + feat."
2,"Ball","T.I.","Ball (feat. Lil Wayne)","T.I.","normalize_title removes version tags + feat."
2,"Ballin' Out Of Control","Jermaine Dupri","Ballin' Out of Control (feat. Nate Dogg)","Jermaine Dupri","normalize_title removes version tags + feat."
2,"Bang My Head","David Guetta","Bang My Head (feat. Sia & Fetty Wap)","David Guetta","normalize_title removes version tags + feat."
2,"Bang My Head","David Guetta","Bang My Head (feat. Sia)","David Guetta","normalize_title removes version tags + feat."
2,"Be On You","Flo Rida","Be On You (feat. Ne-Yo)","Flo Rida","normalize_title removes version tags + feat."
2,"Beat It","Fall Out Boy","Beat It - Live At The Cricket Pavillion /2007","Fall Out Boy","normalize_title removes version tags + feat."
2,"Beat It","Fall Out Boy","Beat It - Live In Tokyo / 2013","Fall Out Boy","normalize_title removes version tags + feat."
2,"Beat It","Sean Kingston","Beat It (feat. Chris Brown & Wiz Khalifa)","Sean Kingston","normalize_title removes version tags + feat."
2,"Bed","Nicki Minaj","Bed (feat. Ariana Grande)","Nicki Minaj","normalize_title removes version tags + feat."
2,"Best Of Me","Mya","Best Of Me (Featuring Jadakiss)","Mya","normalize_title removes version tags + feat."
2,"Bet I","B.o.B","Bet I (feat. T.I. & Playboy Tre)","B.o.B","normalize_title removes version tags + feat."
2,"Better With The Lights Off","New Boyz","Better with the Lights Off (feat. Chris Brown)","New Boyz","normalize_title removes version tags + feat."
2,"Big Bank","YG","BIG BANK (feat. 2 Chainz, Big Sean, Nicki Minaj)","YG","normalize_title removes version tags + feat."
2,"Blame","Calvin Harris","Blame (feat. John Newman)","Calvin Harris","normalize_title removes version tags + feat."
2,"Bohemian Rhapsody","Panic! At The Disco","Bohemian Rhapsody - Live at Amway Center, Orlando, FL, 4/14/2017","Panic! At The Disco","normalize_title removes version tags + feat."
2,"Bon Appetit","Katy Perry","Bon appétit","Katy Perry","normalize_title removes version tags + feat."
2,"Bossy","Kelis","Bossy Featuring Too $hort (feat. Too $hort)","Kelis","normalize_title removes version tags + feat."
2,"Both Of Us","B.o.B","Both of Us (feat. Taylor Swift)","B.o.B","normalize_title removes version tags + feat."
2,"Bottom Of The Bottle","Curren$Y","Bottom of the Bottle (feat. August Alsina & Lil Wayne)","Curren$Y","normalize_title removes version tags + feat."
2,"Bottoms Up","Trey Songz","Bottoms Up (feat. Nicki Minaj)","Trey Songz","normalize_title removes version tags + feat."
2,"Bounce","Sarah Connor","Bounce - Original Version","Sarah Connor","normalize_title removes version tags + feat."
2,"Breathe, Stretch, Shake","Mase","Breathe, Stretch, Shake (feat. P. Diddy)","Mase","normalize_title removes version tags + feat."
2,"Bruises","Train","Bruises (feat. Ashley Monroe)","Train","normalize_title removes version tags + feat."
2,"Bump, Bump, Bump","B2K, P. Diddy","Bump, Bump, Bump (feat. P. Diddy)","B2K","normalize_title removes version tags + feat."
2,"Butterfly Fly Away","Miley Cyrus, Billy Ray Cyrus","Butterfly Fly Away - Live","Miley Cyrus","normalize_title removes version tags + feat."
2,"Can't Believe","Faith Evans","Can't Believe (feat. Carl Thomas)","Faith Evans","normalize_title removes version tags + feat."
2,"Can't Deny It","Fabolous","Can't Deny It (feat. Nate Dogg)","Fabolous","normalize_title removes version tags + feat."
2,"Can't Hold Us Down","Christina Aguilera","Can't Hold Us Down (feat. Lil' Kim)","Christina Aguilera","normalize_title removes version tags + feat."
2,"Can't Leave 'Em Alone","Ciara","Can't Leave 'Em Alone (feat. 50 Cent)","Ciara","normalize_title removes version tags + feat."
2,"Can't Let You Go","Fabolous","Can't Let You Go (feat. Mike Shorey & Lil' Mo)","Fabolous","normalize_title removes version tags + feat."
2,"Can't Stop Loving You","Phil Collins","Can't Stop Loving You - 2016 Remaster","Phil Collins","normalize_title removes version tags + feat."
2,"Can't Stop Loving You","Phil Collins","Can't Stop Loving You - Live 2004","Phil Collins","normalize_title removes version tags + feat."
2,"Carry Out","Timbaland","Carry Out (Featuring Justin Timberlake)","Timbaland","normalize_title removes version tags + feat."
2,"Celebrate","DJ Khaled","Celebrate (feat. Travis Scott & Post Malone)","DJ Khaled","normalize_title removes version tags + feat."
2,"Chantaje","Shakira","Chantaje (feat. Maluma)","Shakira","normalize_title removes version tags + feat."
2,"Check On It","Beyonce","Check On It - Live","Beyonce","normalize_title removes version tags + feat."
2,"Chickenhead","Project Pat","Chickenhead (feat. La Chat & Three 6 Mafia)","Project Pat","normalize_title removes version tags + feat."
2,"Club Can't Handle Me","Flo Rida","Club Can't Handle Me (feat. David Guetta)","Flo Rida","normalize_title removes version tags + feat."
2,"Come To Me","Diddy","Come to Me (feat. Nicole Scherzinger)","Diddy","normalize_title removes version tags + feat."
2,"Cookie Jar","Gym Class Heroes","Cookie Jar (feat. The-Dream)","Gym Class Heroes","normalize_title removes version tags + feat."
2,"Country Boy","Aaron Lewis","Country Boy (Acoustic Version)","Aaron Lewis","normalize_title removes version tags + feat."
2,"Country Boy","Aaron Lewis","Country Boy (feat. George Jones & Charlie Daniels)","Aaron Lewis","normalize_title removes version tags + feat."
2,"Country Boy","Aaron Lewis","Country Boy (Radio Edit)","Aaron Lewis","normalize_title removes version tags + feat."
2,"Crazy In Love","Beyonce","Crazy In Love (feat. Jay-Z)","Beyonce","normalize_title removes version tags + feat."
2,"Crazy In Love","Beyonce","Crazy In Love - Live","Beyonce","normalize_title removes version tags + feat."
2,"Cross Me","Ed Sheeran","Cross Me (feat. Chance the Rapper & PnB Rock)","Ed Sheeran","normalize_title removes version tags + feat."
2,"Crush Tonight","Fat Joe","Crush Tonight (feat. Ginuwine)","Fat Joe","normalize_title removes version tags + feat."
2,"Crybaby","Mariah Carey","Crybaby (feat. Snoop Dogg)","Mariah Carey","normalize_title removes version tags + feat."
2,"Cuddy Buddy","Mike Jones","Cuddy Buddy (feat. Lil Wayne, T-Pain & Twista)","Mike Jones","normalize_title removes version tags + feat."
2,"Culture","Migos","Culture (feat. DJ Khaled)","Migos","normalize_title removes version tags + feat."
2,"Customer","Raheem DeVaughn","Customer (feat. R. Kelly)","Raheem DeVaughn","normalize_title removes version tags + feat."
2,"Cyclone","Baby Bash","Cyclone (feat. T-Pain)","Baby Bash","normalize_title removes version tags + feat."
2,"Dance With My Father","Luther Vandross","Dance With My Father - Radio Version","Luther Vandross","normalize_title removes version tags + feat."
2,"Dangerous","David Guetta","Dangerous (feat. Sam Martin)","David Guetta","normalize_title removes version tags + feat."
2,"Dangerous","Meek Mill","Dangerous (feat. Jeremih and PnB Rock)","Meek Mill","normalize_title removes version tags + feat."
2,"Dark Side Of The Moon","Lil Wayne","Dark Side Of The Moon (feat. Nicki Minaj)","Lil' Wayne","normalize_title removes version tags + feat."
2,"Dead And Gone","T.I.","Dead And Gone (feat. Justin Timberlake)","T.I.","normalize_title removes version tags + feat."
2,"Dedication","Nipsey Hussle","Dedication (feat. Kendrick Lamar)","Nipsey Hussle","normalize_title removes version tags + feat."
2,"Deja Vu","3OH!3","Déjà Vu","3OH!3","normalize_title removes version tags + feat."
2,"Deja Vu","Beyonce","Deja Vu (feat. Jay-Z)","Beyonce","normalize_title removes version tags + feat."
2,"Diary","Alicia Keys","Diary (feat. Tony! Toni! Tone! & Jermaine Paul)","Alicia Keys","normalize_title removes version tags + feat."
2,"Dip It Low","Christina Milian","Dip It Low - Feat. Fabolous","Christina Milian","normalize_title removes version tags + feat."
2,"Dirrty","Christina Aguilera","Dirrty (feat. Redman)","Christina Aguilera","normalize_title removes version tags + feat."
2,"DJ Got Us Fallin' In Love","Usher","DJ Got Us Fallin' In Love (feat. Pitbull)","Usher","normalize_title removes version tags + feat."
2,"Do You Mind","DJ Khaled","Do You Mind (feat. Nicki Minaj, Chris Brown, August Alsina, Jeremih, Future & Rick Ross)","DJ Khaled","normalize_title removes version tags + feat."
2,"Donald Trump","Mac Miller","Donald Trump - Live In London","Mac Miller","normalize_title removes version tags + feat."
2,"Don't Cry","Lil Wayne","Don't Cry (feat. XXXTENTACION)","Lil' Wayne","normalize_title removes version tags + feat."
2,"Don't Happen Twice","Kenny Chesney","Don't Happen Twice - Live","Kenny Chesney","normalize_title removes version tags + feat."
2,"Don't Hurt Yourself","Beyonce","Don't Hurt Yourself (feat. Jack White)","Beyonce","normalize_title removes version tags + feat."
2,"Don't Let Me Get Me","P!nk","Don't Let Me Get Me - Radio Edit","P!nk","normalize_title removes version tags + feat."
2,"Don't Mess With My Man","Nivea","Don't Mess With My Man (feat. Brian Casey & Brandon Casey)","Nivea","normalize_title removes version tags + feat."
2,"Don't Quit","DJ Khaled, Calvin Harris","Don't Quit (feat. Travis Scott & Jeremih)","DJ Khaled","normalize_title removes version tags + feat."
2,"dontchange","Musiq","Dontchange - Album Version (Edited)","Musiq","normalize_title removes version tags + feat."
2,"Dope New Gospel","Lil Wayne","Dope New Gospel (feat. Nivea)","Lil' Wayne","normalize_title removes version tags + feat."
2,"Double Up","Nipsey Hussle","Double Up (feat. Belly and Dom Kennedy)","Nipsey Hussle","normalize_title removes version tags + feat."
2,"Echame La Culpa","Luis Fonsi, Demi Lovato","Échame La Culpa","Luis Fonsi","normalize_title removes version tags + feat."
2,"El Perdon","Nicky Jam, Enrique Iglesias","El Perdón","Nicky Jam","normalize_title removes version tags + feat."
2,"Elevator","Flo Rida","Elevator (feat. Timbaland)","Flo Rida","normalize_title removes version tags + feat."
2,"Ella Y Yo","Aventura","Ella y Yo (feat. Don Omar)","Aventura","normalize_title removes version tags + feat."
2,"Ella Y Yo","Aventura","Ella Y Yo - Featuring Don Omar","Aventura","normalize_title removes version tags + feat."
2,"Ella Y Yo","Aventura","Ella y Yo - Live","Aventura","normalize_title removes version tags + feat."
2,"Erase Me","Kid Cudi","Erase Me - Album Version (Edited)","Kid Cudi","normalize_title removes version tags + feat."
2,"Escapate Conmigo","Wisin","Escápate Conmigo (feat. Ozuna)","Wisin","normalize_title removes version tags + feat."
2,"Every Other Time","LFO","Every Other Time - Radio Edit & Album Version","LFO","normalize_title removes version tags + feat."
2,"Everything","Michael Buble","Everything - Live from Madison Square Garden","Michael Buble","normalize_title removes version tags + feat."
2,"Everytime Tha Beat Drop","Monica","Everytime Tha Beat Drop (feat. Dem Franchize Boyz)","Monica","normalize_title removes version tags + feat."
2,"Faith","George Michael","Faith - Remastered","George Michael","normalize_title removes version tags + feat."
2,"Fallin'","Alicia Keys","Fallin' - Live at Metropolis Studios, New York, NY - May 2013","Alicia Keys","normalize_title removes version tags + feat."
2,"Famous","Lil Wayne","Famous (feat. Reginae Carter)","Lil' Wayne","normalize_title removes version tags + feat."
2,"Feel Good Time","P!nk","Feel Good Time (feat. William Orbit)","P!nk","normalize_title removes version tags + feat."
2,"Feel So Close","Calvin Harris","Feel So Close - Radio Edit","Calvin Harris","normalize_title removes version tags + feat."
2,"Feelin' Freaky","Nick Cannon","Feelin' Freaky (feat. B2K)","Nick Cannon","normalize_title removes version tags + feat."
2,"Fiesta","R. Kelly","Fiesta - Album Version (Street)","R. Kelly","normalize_title removes version tags + feat."
2,"Fireball","Pitbull","Fireball (feat. John Ryan)","Pitbull","normalize_title removes version tags + feat."
2,"Floating","ScHoolboy Q","Floating (feat. 21 Savage)","ScHoolboy Q","normalize_title removes version tags + feat."
2,"Focused","Wale","Focused (feat. Kid Cudi)","Wale","normalize_title removes version tags + feat."
2,"For Free","DJ Khaled","For Free (feat. Drake)","DJ Khaled","normalize_title removes version tags + feat."
2,"Forward","Beyonce","Forward (feat. James Blake)","Beyonce","normalize_title removes version tags + feat."
2,"Fr Fr","Wiz Khalifa","Fr Fr (feat. Lil Skies)","Wiz Khalifa","normalize_title removes version tags + feat."
2,"Free Fallin'","John Mayer","Free Fallin' - Live at the Nokia Theatre, Los Angeles, CA - December 2007","John Mayer","normalize_title removes version tags + feat."
2,"Freedom","Beyonce","Freedom (feat. Kendrick Lamar)","Beyonce","normalize_title removes version tags + feat."
2,"Friends","J. Cole","FRIENDS (feat. kiLL edward)","J. Cole","normalize_title removes version tags + feat."
2,"Froze","Meek Mill","Froze (feat. Lil Uzi Vert & Nicki Minaj)","Meek Mill","normalize_title removes version tags + feat."
2,"fuck That Check Up","Meek Mill","Fuck That Check Up (feat. Lil Uzi Vert)","Meek Mill","normalize_title removes version tags + feat."
2,"Fun","Pitbull","Fun (feat. Chris Brown)","Pitbull","normalize_title removes version tags + feat."
2,"Get Me Bodied","Beyonce","Get Me Bodied - Extended Mix","Beyonce","normalize_title removes version tags + feat."
2,"Get Me Bodied","Beyonce","Get Me Bodied - Live","Beyonce","normalize_title removes version tags + feat."
2,"Get No Better","Cassidy","Get No Better (feat. Mashonda)","Cassidy","normalize_title removes version tags + feat."
2,"Get Up","Ciara","Get Up (feat. Chamillionaire)","Ciara","normalize_title removes version tags + feat."
2,"Gettin' Over You","David Guetta, Chris Willis","Gettin' Over You (feat. Fergie & LMFAO)","David Guetta","normalize_title removes version tags + feat."
2,"Ghetto Story Chapter 2","Cham","Ghetto Story Chapter 2 (feat. Alicia Keys)","Cham","normalize_title removes version tags + feat."
2,"Gigolo","Nick Cannon","Gigolo (feat. R. Kelly)","Nick Cannon","normalize_title removes version tags + feat."
2,"Girl On Fire","Alicia Keys","Girl On Fire - Live at Metropolis Studios, New York, NY - May 2013","Alicia Keys","normalize_title removes version tags + feat."
2,"Girl Tonite","Twista","Girl Tonite (feat. Trey Songz)","Twista","normalize_title removes version tags + feat."
2,"Give It Up To Me","Shakira","Give It up to Me (feat. Lil Wayne)","Shakira","normalize_title removes version tags + feat."
2,"Go Ahead And Break My Heart","Blake Shelton","Go Ahead and Break My Heart (feat. Gwen Stefani)","Blake Shelton","normalize_title removes version tags + feat."
2,"Go Loko","YG, Tyga, Jon Z","Go Loko (feat. Tyga, Jon Z)","YG","normalize_title removes version tags + feat."
2,"Going Bad","Meek Mill","Going Bad (feat. Drake)","Meek Mill","normalize_title removes version tags + feat."
2,"Good Girls Go Bad","Cobra Starship","Good Girls Go Bad (feat. Leighton Meester)","Cobra Starship","normalize_title removes version tags + feat."
2,"Good Guy","Eminem","Good Guy (feat. Jessie Reyez)","Eminem","normalize_title removes version tags + feat."
2,"Got Your Money","Ol' Dirty Bastard","Got Your Money (feat. Kelis)","Ol' Dirty Bastard","normalize_title removes version tags + feat."
2,"Gotta Make It","Trey Songz","Gotta Make It (feat. Twista)","Trey Songz","normalize_title removes version tags + feat."
2,"Green Light","John Legend","Green Light (feat. André 3000)","John Legend","normalize_title removes version tags + feat."
2,"Greenlight","Pitbull","Greenlight (feat. Flo Rida & LunchMoney Lewis)","Pitbull","normalize_title removes version tags + feat."
2,"halfcrazy","Musiq","Halfcrazy - Album Version (Edited)","Musiq","normalize_title removes version tags + feat."
2,"Hallelujah","Kate Voegele","Hallelujah (Live)","Kate Voegele","normalize_title removes version tags + feat."
2,"Handgun","YG","HANDGUN (feat. A$AP Rocky)","YG","normalize_title removes version tags + feat."
2,"HeadBand","B.o.B","HeadBand (feat. 2 Chainz)","B.o.B","normalize_title removes version tags + feat."
2,"Heartbreaker","Mariah Carey","Heartbreaker (feat. Jay-Z)","Mariah Carey","normalize_title removes version tags + feat."
2,"Heavy","Linkin Park","Heavy (feat. Kiiara)","Linkin Park","normalize_title removes version tags + feat."
2,"Hello Friday","Flo Rida","Hello Friday (feat. Jason Derulo)","Flo Rida","normalize_title removes version tags + feat."
2,"Here We Go","Trina","Here We Go (feat. Kelly Rowland)","Trina","normalize_title removes version tags + feat."
2,"Hey Mama","David Guetta","Hey Mama (feat. Nicki Minaj, Bebe Rexha & Afrojack)","David Guetta","normalize_title removes version tags + feat."
2,"Hey Mama","David Guetta","Hey Mama (feat. Nicki Minaj, TANAKA ALICE & Afrojack)","David Guetta","normalize_title removes version tags + feat."
2,"High End","Chris Brown","High End (feat. Future & Young Thug)","Chris Brown","normalize_title removes version tags + feat."
2,"High School Never Ends","Bowling For Soup","High School Never Ends (Live)","Bowling For Soup","normalize_title removes version tags + feat."
2,"Higher","DJ Khaled","Higher (feat. Nipsey Hussle & John Legend)","DJ Khaled","normalize_title removes version tags + feat."
2,"Hips Don't Lie","Shakira","Hips Don't Lie - Live Version","Shakira","normalize_title removes version tags + feat."
2,"Hit The Floor","Twista","Hit the Floor (feat. Pitbull)","Twista","normalize_title removes version tags + feat."
2,"Hit The Freeway","Toni Braxton","Hit the Freeway - Radio Version With Rap","Toni Braxton","normalize_title removes version tags + feat."
2,"Hold You Down","DJ Khaled","Hold You Down (feat. Chris Brown, August Alsina, Future & Jeremih)","DJ Khaled","normalize_title removes version tags + feat."
2,"Hold You Down","Jennifer Lopez","Hold You Down (feat. Fat Joe)","Jennifer Lopez","normalize_title removes version tags + feat."
2,"Hold You","Gyptian","Hold You - feat. Major Lazer","Gyptian","normalize_title removes version tags + feat."
2,"Holy Key","DJ Khaled","Holy Key (feat. Big Sean, Kendrick Lamar & Betty Wright)","DJ Khaled","normalize_title removes version tags + feat."
2,"Hope","Twista","Hope (feat. Cee-Lo)","Twista","normalize_title removes version tags + feat."
2,"Hopeless Romantic","Wiz Khalifa","Hopeless Romantic (feat. Swae Lee)","Wiz Khalifa","normalize_title removes version tags + feat."
2,"Hot Tottie","Usher","Hot Tottie (feat. Jay-Z)","Usher","normalize_title removes version tags + feat."
2,"Hotel","Cassidy","Hotel (feat. R. Kelly)","Cassidy","normalize_title removes version tags + feat."
2,"How Many Licks?","Lil' Kim","How Many Licks? (feat. Sisqo)","Lil' Kim","normalize_title removes version tags + feat."
2,"How Many Times","DJ Khaled","How Many Times (feat. Chris Brown, Lil Wayne & Big Sean)","DJ Khaled","normalize_title removes version tags + feat."
2,"How You Want That","Loon","How You Want That (feat. Kelis)","Loon","normalize_title removes version tags + feat."
2,"Humility","Gorillaz","Humility (feat. George Benson)","Gorillaz","normalize_title removes version tags + feat."
2,"Hypnotized","Plies","Hypnotized (feat. Akon)","Plies","normalize_title removes version tags + feat."
2,"I Am Not My Hair","India.Arie","I Am Not My Hair - Featuring Akon","India.Arie","normalize_title removes version tags + feat."
2,"I Can Only Imagine","David Guetta","I Can Only Imagine (feat. Chris Brown & Lil Wayne)","David Guetta","normalize_title removes version tags + feat."
2,"I Don't Care","Apocalyptica","I Don't Care (feat. Adam Gontier)","Apocalyptica","normalize_title removes version tags + feat."
2,"I Don't Like It, I Love It","Flo Rida","I Don't Like It, I Love It (feat. Robin Thicke & Verdine White)","Flo Rida","normalize_title removes version tags + feat."
2,"I Got The Keys","DJ Khaled","I Got the Keys (feat. Jay-Z & Future)","DJ Khaled","normalize_title removes version tags + feat."
2,"I Invented Sex","Trey Songz","I Invented Sex (feat. Drake)","Trey Songz","normalize_title removes version tags + feat."
2,"I Know What You Want","Busta Rhymes, Mariah Carey","I Know What You Want (feat. Flipmode Squad)","Busta Rhymes","normalize_title removes version tags + feat."
2,"I Need Your Love","Calvin Harris","I Need Your Love (feat. Ellie Goulding)","Calvin Harris","normalize_title removes version tags + feat."
2,"I Wanna Dance With Somebody","Whitney Houston","I Wanna Dance with Somebody - Live from That's What Friends Are For: Arista Records 15th Anniversary Concert","Whitney Houston","normalize_title removes version tags + feat."
2,"I Want It All","Warren G","I Want It All (feat. Mack 10)","Warren G","normalize_title removes version tags + feat."
2,"If We Ever Meet Again","Timbaland","If We Ever Meet Again (Featuring Katy Perry)","Timbaland","normalize_title removes version tags + feat."
2,"IfULeave","Musiq Soulchild","ifuleave [feat. Mary J. Blige]","Musiq Soulchild","normalize_title removes version tags + feat."
2,"I'm Awesome","Spose","I’m Awesome (Live)","Spose","normalize_title removes version tags + feat."
2,"I'm Movin' On","Rascal Flatts","I'm Movin' On - Live In Concert","Rascal Flatts","normalize_title removes version tags + feat."
2,"I'm Out","Ciara","I'm Out (feat. Nicki Minaj)","Ciara","normalize_title removes version tags + feat."
2,"I'm The One","DJ Khaled","I'm the One (feat. Justin Bieber, Quavo, Chance the Rapper & Lil Wayne)","DJ Khaled","normalize_title removes version tags + feat."
2,"In The Ayer","Flo Rida","In the Ayer (feat. will.I.am)","Flo Rida","normalize_title removes version tags + feat."
2,"It's So Hard","Big Punisher","It's So Hard (featuring Donell Jones)","Big Punisher","normalize_title removes version tags + feat."
2,"Jam","Kevin Gates","Jam (feat. Trey Songz, Ty Dolla $ign and Jamie Foxx)","Kevin Gates","normalize_title removes version tags + feat."
2,"Jamboree","Naughty By Nature","Jamboree (feat. Zhané)","Naughty By Nature","normalize_title removes version tags + feat."
2,"Jealous","DJ Khaled","Jealous (feat. Chris Brown, Lil Wayne & Big Sean)","DJ Khaled","normalize_title removes version tags + feat."
2,"John Doe","B.o.B","John Doe (feat. Priscilla)","B.o.B","normalize_title removes version tags + feat."
2,"Jump Out The Face","Meek Mill","Jump Out the Face (feat. Future)","Meek Mill","normalize_title removes version tags + feat."
2,"Jump","Flo Rida","Jump (feat. Nelly Furtado)","Flo Rida","normalize_title removes version tags + feat."
2,"Just A Friend 2002","Mario","Just a Friend 2002 - Radio Edit","Mario","normalize_title removes version tags + feat."
2,"Just Give Me A Reason","P!nk","Just Give Me a Reason (feat. Nate Ruess)","P!nk","normalize_title removes version tags + feat."
2,"Just Us","DJ Khaled","Just Us (feat. SZA)","DJ Khaled","normalize_title removes version tags + feat."
2,"Kelly Price","Migos","Kelly Price (feat. Travis Scott)","Migos","normalize_title removes version tags + feat."
2,"Kernkraft 400","Zombie Nation","Kernkraft 400 - Original Mix","Zombie Nation","normalize_title removes version tags + feat."
2,"King's Dead","Jay Rock, Kendrick Lamar, Future, James Blake","King's Dead (feat. Future)","Jay Rock","normalize_title removes version tags + feat."
2,"Knee Deep","Zac Brown Band","Knee Deep (feat. Jimmy Buffett)","Zac Brown Band","normalize_title removes version tags + feat."
2,"Know No Better","Major Lazer","Know No Better (feat. Travis Scott, Camila Cabello & Quavo)","Major Lazer","normalize_title removes version tags + feat."
2,"La Tortura","Shakira","La Tortura (feat. Alejandro Sanz)","Shakira","normalize_title removes version tags + feat."
2,"La Tortura","Shakira","La Tortura - Live Version","Shakira","normalize_title removes version tags + feat."
2,"Last Night","Diddy","Last Night (feat. Keyshia Cole)","Diddy","normalize_title removes version tags + feat."
2,"Last Time That I Checc'd","Nipsey Hussle","Last Time That I Checc'd (feat. YG)","Nipsey Hussle","normalize_title removes version tags + feat."
2,"Laundromat","Nivea","Laundromat - Radio Edit","Nivea","normalize_title removes version tags + feat."
2,"Law","Yo Gotti","Law (feat. E-40)","Yo Gotti","normalize_title removes version tags + feat."
2,"Let It Fly","Lil Wayne","Let It Fly (feat. Travis Scott)","Lil' Wayne","normalize_title removes version tags + feat."
2,"Let It Go","Idina Menzel","Let It Go - Live","Idina Menzel","normalize_title removes version tags + feat."
2,"Let It Go","Wiz Khalifa","Let It Go (feat. Akon)","Wiz Khalifa","normalize_title removes version tags + feat."
2,"Let's Get Down","Bow Wow","Let's Get Down - Extended Album Version","Bow Wow","normalize_title removes version tags + feat."
2,"Let's Go","Calvin Harris","Let's Go (feat. Ne-Yo)","Calvin Harris","normalize_title removes version tags + feat."
2,"Let's Go","Trick Daddy","Let's Go (feat. Big D & Twista)","Trick Daddy","normalize_title removes version tags + feat."
2,"Life In A Northern Town","Sugarland","Life In A Northern Town - Live","Sugarland","normalize_title removes version tags + feat."
2,"Lights","Ellie Goulding","Lights - Single Version","Ellie Goulding","normalize_title removes version tags + feat."
2,"Little Bad Girl","David Guetta","Little Bad Girl (feat. Taio Cruz & Ludacris)","David Guetta","normalize_title removes version tags + feat."
2,"Little Wonders","Rob Thomas","Little Wonders - Radio Version","Rob Thomas","normalize_title removes version tags + feat."
2,"Litty","Meek Mill","Litty (feat. Tory Lanez)","Meek Mill","normalize_title removes version tags + feat."
2,"Live Your Life","T.I.","Live Your Life (feat. Rihanna)","T.I.","normalize_title removes version tags + feat."
2,"Lonely Tonight","Blake Shelton","Lonely Tonight (feat. Ashley Monroe)","Blake Shelton","normalize_title removes version tags + feat."
2,"Lord Knows","Meek Mill","Lord Knows (feat. Tory Lanez)","Meek Mill","normalize_title removes version tags + feat."
2,"Lost In The Fire","Gesaffelstein, The Weeknd","Lost in the Fire (feat. The Weeknd)","Gesaffelstein","normalize_title removes version tags + feat."
2,"Lost","Michael Buble","Lost - Live from Madison Square Garden","Michael Buble","normalize_title removes version tags + feat."
2,"Lotus Flower Bomb","Wale","Lotus Flower Bomb (feat. Miguel)","Wale","normalize_title removes version tags + feat."
2,"Love Is On Its Way","Jonas Brothers","Love Is On Its Way - Live Show / Event","Jonas Brothers","normalize_title removes version tags + feat."
2,"Love Me Anyway","P!nk","Love Me Anyway (feat. Chris Stapleton)","P!nk","normalize_title removes version tags + feat."
2,"Love.","Kendrick Lamar","LOVE. FEAT. ZACARI.","Kendrick Lamar","normalize_title removes version tags + feat."
2,"LoveHate Thing","Wale","LoveHate Thing (feat. Sam Dew)","Wale","normalize_title removes version tags + feat."
2,"Low","Flo Rida","Low (feat. T-Pain)","Flo Rida","normalize_title removes version tags + feat."
2,"Loyalty.","Kendrick Lamar","LOYALTY. FEAT. RIHANNA.","Kendrick Lamar","normalize_title removes version tags + feat."
2,"Lucky You","Eminem","Lucky You (feat. Joyner Lucas)","Eminem","normalize_title removes version tags + feat."
2,"Ma, I Don't Love Her","Clipse","Ma, I Don't Love Her (feat. Faith Evans)","Clipse","normalize_title removes version tags + feat."
2,"Magic","B.o.B","Magic (feat. Rivers Cuomo)","B.o.B","normalize_title removes version tags + feat."
2,"Make It Clap","Busta Rhymes","Make It Clap (feat. Spliff Starr)","Busta Rhymes","normalize_title removes version tags + feat."
2,"Make Me...","Britney Spears","Make Me... (feat. G-Eazy)","Britney Spears","normalize_title removes version tags + feat."
2,"Man To Man","Gary Allan","Man To Man - Album Version/Remix","Gary Allan","normalize_title removes version tags + feat."
2,"Maria Maria","Santana","Maria Maria - Live","Santana","normalize_title removes version tags + feat."
2,"Me Enamore","Shakira","Me Enamoré","Shakira","normalize_title removes version tags + feat."
2,"Me Niego","Reik","Me Niego (feat. Ozuna & Wisin)","Reik","normalize_title removes version tags + feat."
2,"ME!","Taylor Swift","ME! (feat. Brendon Urie of Panic! At The Disco)","Taylor Swift","normalize_title removes version tags + feat."
2,"Memories","David Guetta","Memories (feat. Kid Cudi) - Extended","David Guetta","normalize_title removes version tags + feat."
2,"Memories","David Guetta","Memories (feat. Kid Cudi)","David Guetta","normalize_title removes version tags + feat."
2,"Milkshake","Kelis","Milkshake - Live","Kelis","normalize_title removes version tags + feat."
2,"Miss Jackson","Panic! At The Disco","Miss Jackson (feat. LOLO)","Panic! At The Disco","normalize_title removes version tags + feat."
2,"Miss Jackson","Panic! At The Disco","Miss Jackson - Live at Amway Center, Orlando, FL, 4/14/2017","Panic! At The Disco","normalize_title removes version tags + feat."
2,"Momma I Hit A Lick","2 Chainz","Momma I Hit A Lick (feat. Kendrick Lamar)","2 Chainz","normalize_title removes version tags + feat."
2,"Mona Lisa","Lil Wayne","Mona Lisa (feat. Kendrick Lamar)","Lil' Wayne","normalize_title removes version tags + feat."
2,"Morning After Dark","Timbaland","Morning After Dark (Featuring Nelly Furtado & SoShy)","Timbaland","normalize_title removes version tags + feat."
2,"Moves Like Jagger","Maroon 5","Moves Like Jagger - Live In Manchester","Maroon 5","normalize_title removes version tags + feat."
2,"My Eyes","Blake Shelton","My Eyes (feat. Gwen Sebastian)","Blake Shelton","normalize_title removes version tags + feat."
2,"My Love","Justin Timberlake","My Love (feat. T.I.)","Justin Timberlake","normalize_title removes version tags + feat."
2,"My Moment","DJ Drama","My Moment (feat. 2 Chainz, Meek Mill and Jeremih)","DJ Drama","normalize_title removes version tags + feat."
2,"My Sweet Lord","George Harrison","My Sweet Lord - Live In Japan/1991/Remastered 2004","George Harrison","normalize_title removes version tags + feat."
2,"Nasty Girl","The Notorious B.I.G.","Nasty Girl (feat. Diddy, Nelly, Jagged Edge and Avery Storm)","The Notorious B.I.G.","normalize_title removes version tags + feat."
2,"Never Say Never","Justin Bieber","Never Say Never - Acoustic Version","Justin Bieber","normalize_title removes version tags + feat."
2,"Night Of Your Life","David Guetta","Night of Your Life (feat. Jennifer Hudson)","David Guetta","normalize_title removes version tags + feat."
2,"No Brainer","DJ Khaled","No Brainer (feat. Justin Bieber, Chance the Rapper & Quavo)","DJ Khaled","normalize_title removes version tags + feat."
2,"No Guidance","Chris Brown","No Guidance (feat. Drake)","Chris Brown","normalize_title removes version tags + feat."
2,"No Leaf Clover","Metallica","No Leaf Clover - Live with the SFSO","Metallica","normalize_title removes version tags + feat."
2,"No Limit","Usher","No Limit (feat. Young Thug)","Usher","normalize_title removes version tags + feat."
2,"No One","Alicia Keys","No One - Live at Metropolis Studios, New York, NY - May 2013","Alicia Keys","normalize_title removes version tags + feat."
2,"No Shoes, No Shirt, No Problems","Kenny Chesney","No Shoes, No Shirt, No Problems - Live","Kenny Chesney","normalize_title removes version tags + feat."
2,"Not Alike","Eminem","Not Alike (feat. Royce Da 5'9)","Eminem","normalize_title removes version tags + feat."
2,"Nothin' On You","B.o.B","Nothin' on You (feat. Bruno Mars)","B.o.B","normalize_title removes version tags + feat."
2,"Nothing Breaks Like A Heart","Mark Ronson","Nothing Breaks Like a Heart (feat. Miley Cyrus)","Mark Ronson","normalize_title removes version tags + feat."
2,"Nothing Like Us","Justin Bieber","Nothing Like Us - Bonus Track","Justin Bieber","normalize_title removes version tags + feat."
2,"Number One","R. Kelly","Number One (feat. Keri Hilson)","R. Kelly","normalize_title removes version tags + feat."
2,"Offended","Meek Mill","Offended (feat. Young Thug & 21 Savage)","Meek Mill","normalize_title removes version tags + feat."
2,"Oh My","DJ Drama","Oh My feat. Fabolous; Roscoe Dash & Wiz Khalifa","DJ Drama","normalize_title removes version tags + feat."
2,"Okay","Nivea","Okay (feat. Lil Jon & YoungBloodZ)","Nivea","normalize_title removes version tags + feat."
2,"Old Alabama","Brad Paisley","Old Alabama (feat. Alabama)","Brad Paisley","normalize_title removes version tags + feat."
2,"On Everything","DJ Khaled","On Everything (feat. Travis Scott, Rick Ross & Big Sean)","DJ Khaled","normalize_title removes version tags + feat."
2,"On My Level","Wiz Khalifa","On My Level (feat. Too $hort)","Wiz Khalifa","normalize_title removes version tags + feat."
2,"On The Line","Demi Lovato","On the Line - Featuring Jonas Brothers","Demi Lovato","normalize_title removes version tags + feat."
2,"Out Last Night","Kenny Chesney","Out Last Night - Live","Kenny Chesney","normalize_title removes version tags + feat."
2,"Outside","Calvin Harris","Outside (feat. Ellie Goulding)","Calvin Harris","normalize_title removes version tags + feat."
2,"Overprotected","Britney Spears","Overprotected - Radio Edit","Britney Spears","normalize_title removes version tags + feat."
2,"Paradise","Big Sean","Paradise - Extended","Big Sean","normalize_title removes version tags + feat."
2,"Party","Beyonce","Party (feat. André 3000)","Beyonce","normalize_title removes version tags + feat."
2,"Party","Chris Brown","Party (feat. Usher & Gucci Mane)","Chris Brown","normalize_title removes version tags + feat."
2,"Pay You Back","Meek Mill","Pay You Back (feat. 21 Savage)","Meek Mill","normalize_title removes version tags + feat."
2,"Payphone","Maroon 5","Payphone - Live In Manchester","Maroon 5","normalize_title removes version tags + feat."
2,"Perfect","Simple Plan","Perfect - Acoustic Version","Simple Plan","normalize_title removes version tags + feat."
2,"Perro Fiel","Shakira","Perro Fiel (feat. Nicky Jam)","Shakira","normalize_title removes version tags + feat."
2,"Picture","Kid Rock","Picture (feat. Gretchen Wilson) - Live [Live]","Kid Rock","normalize_title removes version tags + feat."
2,"Picture","Kid Rock","Picture (feat. Sheryl Crow)","Kid Rock","normalize_title removes version tags + feat."
2,"Play Hard","David Guetta","Play Hard (feat. Ne-Yo & Akon)","David Guetta","normalize_title removes version tags + feat."
2,"Playa's Only","R. Kelly","Playa's Only (feat. The Game)","R. Kelly","normalize_title removes version tags + feat."
2,"Please Excuse My Hands","Plies","Please Excuse My Hands (feat. Jamie Foxx & The-Dream)","Plies","normalize_title removes version tags + feat."
2,"Po' Folks","Nappy Roots","Po' Folks (feat. Anthony Hamilton)","Nappy Roots","normalize_title removes version tags + feat."
2,"Pop Champagne","Jim Jones, Ron Browz","Pop Champagne - Explicit Album Version","Jim Jones","normalize_title removes version tags + feat."
2,"Post To Be","Omarion","Post to Be (feat. Chris Brown & Jhene Aiko)","Omarion","normalize_title removes version tags + feat."
2,"Put It On Ya","Plies","Put It on Ya (feat. Chris J)","Plies","normalize_title removes version tags + feat."
2,"Pyramid","Charice","Pyramid (feat. Iyaz)","Charice","normalize_title removes version tags + feat."
2,"Que Hiciste","Jennifer Lopez","Qué Hiciste","Jennifer Lopez","normalize_title removes version tags + feat."
2,"Rapture","iio","Rapture (Creamer & Stephane K French Radio Edit) [feat. Nadia Ali]","iio","normalize_title removes version tags + feat."
2,"Rapture","iio","Rapture (Deep Dish Space UK Radio Edit) [feat. Nadia Ali]","iio","normalize_title removes version tags + feat."
2,"Rapture","iio","Rapture (feat.Nadia Ali)","iio","normalize_title removes version tags + feat."
2,"Rapture","iio","Rapture (Soulside Remix Made Edit Remastered) [feat. Nadia Ali]","iio","normalize_title removes version tags + feat."
2,"Relationship","Young Thug","Relationship (feat. Future)","Young Thug","normalize_title removes version tags + feat."
2,"Remember You","Wiz Khalifa","Remember You (feat. The Weeknd)","Wiz Khalifa","normalize_title removes version tags + feat."
2,"Rich Sex","Nicki Minaj","Rich Sex (feat. Lil Wayne)","Nicki Minaj","normalize_title removes version tags + feat."
2,"R.I.C.O.","Meek Mill","R.I.C.O. (feat. Drake)","Meek Mill","normalize_title removes version tags + feat."
2,"Right Round","Flo Rida","Right Round - feat. Ke$ha","Flo Rida","normalize_title removes version tags + feat."
2,"Right Where You Want Me","Jesse McCartney","Right Where You Want Me - Radio Edit Version","Jesse McCartney","normalize_title removes version tags + feat."
2,"Roll","Flo Rida","Roll (feat. Sean Kingston)","Flo Rida","normalize_title removes version tags + feat."
2,"Rule The World","2 Chainz","Rule The World (feat. Ariana Grande)","2 Chainz","normalize_title removes version tags + feat."
2,"Run Up","Major Lazer","Run Up (feat. PARTYNEXTDOOR & Nicki Minaj)","Major Lazer","normalize_title removes version tags + feat."
2,"Run","Leona Lewis","Run - Live from The O2","Leona Lewis","normalize_title removes version tags + feat."
2,"Running Back","Wale","Running Back (feat. Lil Wayne)","Wale","normalize_title removes version tags + feat."
2,"Sandstorm","Darude","Sandstorm - Radio Edit","Darude","normalize_title removes version tags + feat."
2,"Say Aah","Trey Songz","Say Aah (feat. Fabolous)","Trey Songz","normalize_title removes version tags + feat."
2,"Say Something","Timbaland","Say Something (Featuring Drake)","Timbaland","normalize_title removes version tags + feat."
2,"Send The Pain Below","Chevelle","Send the Pain Below - Live at The Metro, Chicago, IL","Chevelle","normalize_title removes version tags + feat."
2,"Send The Pain Below","Chevelle","Send the Pain Below - Live Version","Chevelle","normalize_title removes version tags + feat."
2,"Senorita","Justin Timberlake","Señorita","Justin Timberlake","normalize_title removes version tags + feat."
2,"Sexy Can I","Ray J, Yung Berg","Sexy Can I feat. Yung Berg","Ray J","normalize_title removes version tags + feat."
2,"SexyBack","Justin Timberlake","SexyBack (feat. Timbaland)","Justin Timberlake","normalize_title removes version tags + feat."
2,"Shawty","Plies","Shawty (feat. T Pain)","Plies","normalize_title removes version tags + feat."
2,"She Don't Put It Down","Joe Budden","She Don't Put It Down (feat. Lil Wayne & Tank)","Joe Budden","normalize_title removes version tags + feat."
2,"She's A Hottie","Toby Keith","She's A Hottie - Single Version","Toby Keith","normalize_title removes version tags + feat."
2,"Shining","DJ Khaled","Shining (feat. Beyoncé & Jay-Z)","DJ Khaled","normalize_title removes version tags + feat."
2,"Shone","Flo Rida","Shone (feat. Pleasure P)","Flo Rida","normalize_title removes version tags + feat."
2,"Sky Walker","Miguel","Sky Walker (feat. Travis Scott)","Miguel","normalize_title removes version tags + feat."
2,"Slippery","Migos","Slippery (feat. Gucci Mane)","Migos","normalize_title removes version tags + feat."
2,"Slow Down","Bobby Valentino","Slow Down - Bonus Track","Bobby Valentino","normalize_title removes version tags + feat."
2,"Slow Jamz","Twista","Slow Jamz (feat. Kanye West & Jamie Foxx)","Twista","normalize_title removes version tags + feat."
2,"Slumber Party","Britney Spears","Slumber Party feat. Tinashe","Britney Spears","normalize_title removes version tags + feat."
2,"Snake","R. Kelly","Snake (feat. Big Tigger) - Radio Edit","R. Kelly","normalize_title removes version tags + feat."
2,"Snake","R. Kelly","Snake (feat. Big Tigger)","R. Kelly","normalize_title removes version tags + feat."
2,"So Many Girls","DJ Drama","So Many Girls (feat. Wale, Tyga & Roscoe Dash)","DJ Drama","normalize_title removes version tags + feat."
2,"So Sexy","Twista","So Sexy (feat. R. Kelly)","Twista","normalize_title removes version tags + feat."
2,"Sober Saturday Night","Chris Young","Sober Saturday Night (feat. Vince Gill)","Chris Young","normalize_title removes version tags + feat."
2,"Solitaire","Clay Aiken","Solitaire (BONUS CUT)","Clay Aiken","normalize_title removes version tags + feat."
2,"Something New","Wiz Khalifa","Something New (feat. Ty Dolla $ign)","Wiz Khalifa","normalize_title removes version tags + feat."
2,"Southern Hospitality","Ludacris","Southern Hospitality - Explicit Remix","Ludacris","normalize_title removes version tags + feat."
2,"Southern Hospitality","Ludacris","Southern Hospitality (Featuring Pharrell)","Ludacris","normalize_title removes version tags + feat."
2,"Splash Warning","Meek Mill","Splash Warning (feat. Future, Roddy Ricch and Young Thug)","Meek Mill","normalize_title removes version tags + feat."
2,"Start This shit Off Right","Lil Wayne","Start This Shit Off Right (feat. Ashanti & Mack Maine)","Lil' Wayne","normalize_title removes version tags + feat."
2,"Stepped On My J'z","Nelly","Stepped On My J'z - Album Version (Explicit) With Intro","Nelly","normalize_title removes version tags + feat."
2,"Stereo Hearts","Gym Class Heroes","Stereo Hearts (feat. Adam Levine)","Gym Class Heroes","normalize_title removes version tags + feat."
2,"Stolen","Dashboard Confessional","Stolen - Single Version","Dashboard Confessional","normalize_title removes version tags + feat."
2,"Successful","Drake","Successful (feat. Trey Songz & Lil Wayne)","Drake","normalize_title removes version tags + feat."
2,"Sugar","Flo Rida","Sugar (feat. Wynter)","Flo Rida","normalize_title removes version tags + feat."
2,"Swear It Again","Westlife","Swear It Again - Radio Edit","Westlife","normalize_title removes version tags + feat."
2,"Sweet Nothing","Calvin Harris","Sweet Nothing (feat. Florence Welch)","Calvin Harris","normalize_title removes version tags + feat."
2,"Swing Ya Rag","T.I.","Swing Ya Rag (feat. Swizz Beatz)","T.I.","normalize_title removes version tags + feat."
2,"Talk About Our Love","Brandy","Talk About Our Love (feat. Kanye West)","Brandy","normalize_title removes version tags + feat."
2,"Talk Dirty","Jason Derulo","Talk Dirty (feat. 2 Chainz)","Jason Derulo","normalize_title removes version tags + feat."
2,"Talk Up","Drake","Talk Up (feat. Jay-Z)","Drake","normalize_title removes version tags + feat."
2,"Tell Me","Diddy","Tell Me (feat. Christina Aguilera)","Diddy","normalize_title removes version tags + feat."
2,"Ten Rounds With Jose Cuervo","Tracy Byrd","Ten Rounds With Jose Cuervo - Live Version","Tracy Byrd","normalize_title removes version tags + feat."
2,"Thank God I Found You","Mariah Carey","Thank God I Found You (feat. Joe & 98°)","Mariah Carey","normalize_title removes version tags + feat."
2,"That Way","Wale","That Way (feat. Jeremih & Rick Ross)","Wale","normalize_title removes version tags + feat."
2,"That's All She Wrote","T.I.","That's All She Wrote (feat. Eminem)","T.I.","normalize_title removes version tags + feat."
2,"The Body","Wale","The Body (feat. Jeremih)","Wale","normalize_title removes version tags + feat."
2,"The Champion","Carrie Underwood","The Champion - Bonus Track","Carrie Underwood","normalize_title removes version tags + feat."
2,"The Climb","Miley Cyrus","The Climb - Live","Miley Cyrus","normalize_title removes version tags + feat."
2,"The Cut Off","J. Cole","The Cut Off (feat. kiLL edward)","J. Cole","normalize_title removes version tags + feat."
2,"The Diary Of Jane","Breaking Benjamin","The Diary of Jane - Single Version","Breaking Benjamin","normalize_title removes version tags + feat."
2,"The Difference","Meek Mill","The Difference (feat. Quavo)","Meek Mill","normalize_title removes version tags + feat."
2,"The Fighter","Gym Class Heroes","The Fighter (feat. Ryan Tedder)","Gym Class Heroes","normalize_title removes version tags + feat."
2,"The First Cut Is The Deepest","Sheryl Crow","The First Cut Is The Deepest - Live concert in the sky","Sheryl Crow","normalize_title removes version tags + feat."
2,"The First Cut Is The Deepest","Sheryl Crow","The First Cut Is the Deepest - Live","Sheryl Crow","normalize_title removes version tags + feat."
2,"The Great Beyond","R.E.M.","The Great Beyond - Live","R.E.M.","normalize_title removes version tags + feat."
2,"The Little Girl","John Michael Montgomery","The Little Girl (feat. Alison Krauss & Dan Tyminski)","John Michael Montgomery","normalize_title removes version tags + feat."
2,"The London","Young Thug, J. Cole, Travis Scott","The London (feat. J. Cole & Travis Scott)","Young Thug","normalize_title removes version tags + feat."
2,"The Matrimony","Wale","The Matrimony (feat. Usher)","Wale","normalize_title removes version tags + feat."
2,"The Reason","Hoobastank","The Reason - Acoustic","Hoobastank","normalize_title removes version tags + feat."
2,"The Reason","Hoobastank","The Reason - Live From The Wiltern","Hoobastank","normalize_title removes version tags + feat."
2,"The Red","Chevelle","The Red - Live at The Metro, Chicago, IL","Chevelle","normalize_title removes version tags + feat."
2,"The Red","Chevelle","The Red - Live Version","Chevelle","normalize_title removes version tags + feat."
2,"The Star Spangled Banner","Whitney Houston","The Star Spangled Banner (feat. The Florida Orchestra) - Live from Super Bowl XXV","Whitney Houston","normalize_title removes version tags + feat."
2,"The World's Greatest","R. Kelly","The World's Greatest - Radio Edit","R. Kelly","normalize_title removes version tags + feat."
2,"These Words","Natasha Bedingfield","These Words - Live from the Apple Store, iTunes Exclusive","Natasha Bedingfield","normalize_title removes version tags + feat."
2,"Thinking About You","Calvin Harris","Thinking About You (feat. Ayah Marar)","Calvin Harris","normalize_title removes version tags + feat."
2,"Thought I Knew You","Nicki Minaj","Thought I Knew You (feat. The Weeknd)","Nicki Minaj","normalize_title removes version tags + feat."
2,"Tic Tac Toe","Meek Mill","Tic Tac Toe (feat. Kodak Black)","Meek Mill","normalize_title removes version tags + feat."
2,"Tie Me Down","New Boyz","Tie Me Down (feat. Ray J)","New Boyz","normalize_title removes version tags + feat."
2,"Till I'm Gone","Tinie Tempah","Till I'm Gone (feat. Wiz Khalifa)","Tinie Tempah","normalize_title removes version tags + feat."
2,"Times Like These","Foo Fighters","Times Like These - Live at the Pantages Theatre, Los Angeles, CA - August 2006","Foo Fighters","normalize_title removes version tags + feat."
2,"Titanium","David Guetta","Titanium (feat. Che'Nelle)","David Guetta","normalize_title removes version tags + feat."
2,"Titanium","David Guetta","Titanium (feat. Sia)","David Guetta","normalize_title removes version tags + feat."
2,"Top Off","DJ Khaled","Top Off (feat. JAY Z, Future & Beyoncé)","DJ Khaled","normalize_title removes version tags + feat."
2,"Trade It All","Fabolous","Trade It All (feat. Jagged Edge)","Fabolous","normalize_title removes version tags + feat."
2,"Troublemaker","Olly Murs","Troublemaker (feat. Flo Rida)","Olly Murs","normalize_title removes version tags + feat."
2,"Troublemaker","Olly Murs","Troublemaker - Live","Olly Murs","normalize_title removes version tags + feat."
2,"True Love","P!nk","True Love (feat. Lily Allen)","P!nk","normalize_title removes version tags + feat."
2,"Turn Me On","David Guetta","Turn Me On (feat. Nicki Minaj)","David Guetta","normalize_title removes version tags + feat."
2,"Twisted","Gorilla Zoe","Twisted (feat. Lil Jon)","Gorilla Zoe","normalize_title removes version tags + feat."
2,"Undertow","Timbaland","Undertow (Featuring The Fray & Esthero)","Timbaland","normalize_title removes version tags + feat."
2,"Until The End Of Time","2Pac","Until The End Of Time - Album Version (Edit)","2Pac","normalize_title removes version tags + feat."
2,"Unusual","Trey Songz","Unusual (feat. Drake)","Trey Songz","normalize_title removes version tags + feat."
2,"U.O.E.N.O.","Rocko","U.O.E.N.O. (feat. Rick Ross, Future)","Rocko","normalize_title removes version tags + feat."
2,"Uptown Vibes","Meek Mill","Uptown Vibes (feat. Fabolous & Anuel AA)","Meek Mill","normalize_title removes version tags + feat."
2,"Victory Lap","Nipsey Hussle","Victory Lap (feat. Stacy Barthe)","Nipsey Hussle","normalize_title removes version tags + feat."
2,"Video Games","Lana Del Rey","Video Games - Remastered","Lana Del Rey","normalize_title removes version tags + feat."
2,"Wait A Minute","Ray J","Wait a Minute (feat. Lil' Kim)","Ray J","normalize_title removes version tags + feat."
2,"Wanna Be A Baller","Lil' Troy","Wanna Be A Baller - Album Version (Edited)","Lil' Troy","normalize_title removes version tags + feat."
2,"Want It, Need It","Plies","Want It, Need It (feat. Ashanti)","Plies","normalize_title removes version tags + feat."
2,"Waste It On Me","Steve Aoki","Waste It On Me (feat. BTS)","Steve Aoki","normalize_title removes version tags + feat."
2,"We Ball","Meek Mill","We Ball (feat. Young Thug)","Meek Mill","normalize_title removes version tags + feat."
2,"We No Speak Americano","Yolanda Be Cool, Dcup","We No Speak Americano - Original Version","Yolanda Be Cool","normalize_title removes version tags + feat."
2,"We No Speak Americano","Yolanda Be Cool, Dcup","We No Speak Americano - Radio Edit","Yolanda Be Cool","normalize_title removes version tags + feat."
2,"Weather The Storm","DJ Khaled","Weather the Storm (feat. Meek Mill & Lil Baby)","DJ Khaled","normalize_title removes version tags + feat."
2,"We'll Be A Dream","WE the Kings","We'll Be A Dream (feat. Demi Lovato)","WE the Kings","normalize_title removes version tags + feat."
2,"What About Me","Lil Wayne","What About Me (feat. Sosamann)","Lil' Wayne","normalize_title removes version tags + feat."
2,"What'Chu Like","Da Brat","What'chu Like (feat. Tyrese)","Da Brat","normalize_title removes version tags + feat."
2,"Whatever You Need","Meek Mill","Whatever You Need (feat. Chris Brown & Ty Dolla $ign)","Meek Mill","normalize_title removes version tags + feat."
2,"Whatever","Ideal","Whatever - Radio Edit","Ideal","normalize_title removes version tags + feat."
2,"What's Free","Meek Mill","What's Free (feat. Rick Ross & Jay Z)","Meek Mill","normalize_title removes version tags + feat."
2,"What's Luv?","Fat Joe","What's Luv? (feat. Ja-Rule & Ashanti)","Fat Joe","normalize_title removes version tags + feat."
2,"What's Your Fantasy","Ludacris","What's Your Fantasy (Featuring Shawna)","Ludacris","normalize_title removes version tags + feat."
2,"When I Get Where I'm Going","Brad Paisley","When I Get Where I'm Going (feat. Dolly Parton) (feat. Dolly Parton)","Brad Paisley","normalize_title removes version tags + feat."
2,"When I Get Where I'm Going","Brad Paisley","When I Get Where I'm Going (feat. Dolly Parton)","Brad Paisley","normalize_title removes version tags + feat."
2,"When Love Takes Over","David Guetta","When Love Takes Over - feat. Kelly Rowland; Original Extended","David Guetta","normalize_title removes version tags + feat."
2,"When Love Takes Over","David Guetta","When Love Takes Over (feat. Kelly Rowland)","David Guetta","normalize_title removes version tags + feat."
2,"Where Them Girls At","David Guetta","Where Them Girls At (feat. Nicki Minaj & Flo Rida)","David Guetta","normalize_title removes version tags + feat."
2,"Whip","2 Chainz","Whip (feat. Travis Scott)","2 Chainz","normalize_title removes version tags + feat."
2,"Whistle While You Twurk","Ying Yang Twins","Whistle While You Twurk (ColliPark Clean Mix)","Ying Yang Twins","normalize_title removes version tags + feat."
2,"Who Dat Girl","Flo Rida","Who Dat Girl (feat. Akon)","Flo Rida","normalize_title removes version tags + feat."
2,"Who's That Chick?","David Guetta","Who's That Chick? (feat. Rihanna)","David Guetta","normalize_title removes version tags + feat."
2,"Wiggle","Jason Derulo","Wiggle (feat. Snoop Dogg)","Jason Derulo","normalize_title removes version tags + feat."
2,"Wild Ones","Flo Rida","Wild Ones (feat. Sia)","Flo Rida","normalize_title removes version tags + feat."
2,"Wild Thoughts","DJ Khaled","Wild Thoughts (feat. Rihanna & Bryson Tiller)","DJ Khaled","normalize_title removes version tags + feat."
2,"Wild Wild Love","Pitbull","Wild Wild Love (feat. G.R.L.)","Pitbull","normalize_title removes version tags + feat."
2,"Wish Wish","DJ Khaled","Wish Wish (feat. Cardi B & 21 Savage)","DJ Khaled","normalize_title removes version tags + feat."
2,"Without You","David Guetta","Without You (feat. Usher)","David Guetta","normalize_title removes version tags + feat."
2,"Women Lie, Men Lie","Yo Gotti","Women Lie, Men Lie (feat. Lil Wayne)","Yo Gotti","normalize_title removes version tags + feat."
2,"Written In The Stars","Tinie Tempah","Written in the Stars (feat. Eric Turner)","Tinie Tempah","normalize_title removes version tags + feat."
2,"XXX.","Kendrick Lamar","XXX. FEAT. U2.","Kendrick Lamar","normalize_title removes version tags + feat."
2,"You And Your Friends","Wiz Khalifa","You and Your Friends (feat. Snoop Dogg & Ty Dolla $ign)","Wiz Khalifa","normalize_title removes version tags + feat."
2,"You Gets No Love","Faith Evans","You Gets No Love (feat. P. Diddy & Loon)","Faith Evans","normalize_title removes version tags + feat."
2,"You Know What It Is","T.I.","You Know What It Is (feat. Wyclef Jean)","T.I.","normalize_title removes version tags + feat."
2,"You Stay","DJ Khaled","You Stay (feat. Meek Mill, J Balvin, Lil Baby & Jeremih)","DJ Khaled","normalize_title removes version tags + feat."
2,"Young, Wild & Free","Snoop Dogg, Wiz Khalifa","Young, Wild & Free (feat. Bruno Mars)","Snoop Dogg","normalize_title removes version tags + feat."
4,"Hero/Heroine","Boys Like Girls","Hero / Heroine","Boys Like Girls","fuzzy title: adist=1"
4,"Hot 2Nite","New Edition","Hot 2 Nite","New Edition","fuzzy title: adist=1"
4,"I. Crawl","Childish Gambino","I.Crawl","Childish Gambino","fuzzy title: adist=1"
4,"I Will...But","SHeDAISY","I Will... But","SHeDAISY","fuzzy title: adist=1"
4,"Ima Boss","Meek Mill","Im a Boss","Meek Mill","fuzzy title: adist=1"
4,"Red Rag Top","Tim McGraw","Red Ragtop","Tim McGraw","fuzzy title: adist=1"
