"feature","estimate__tier_1_baseline_conservative","sign__tier_1_baseline_conservative","p_value__tier_1_baseline_conservative","estimate__tier_2_full_enriched","sign__tier_2_full_enriched","p_value__tier_2_full_enriched","estimate__tier_3_high_confidence_enriched_passes_1_3_only_","sign__tier_3_high_confidence_enriched_passes_1_3_only_","p_value__tier_3_high_confidence_enriched_passes_1_3_only_","sign_stable_all_tiers"
"danceability",1.19356833323204,"positive",2.05146072426008e-06,1.1649046991612,"positive",7.57179931114795e-07,1.24726062309096,"positive",1.02160414850842e-07,TRUE
"energy",-1.53242518281153,"negative",3.44300859258208e-07,-1.62885617872538,"negative",5.18169394464209e-09,-1.79945722426465,"negative",1.39306397524662e-10,TRUE
"valence",-0.560322873317716,"negative",0.00097810054329402,-0.290557267527818,"negative",0.0623890301174307,-0.27325508052885,"negative",0.0837661057643769,TRUE
"tempo",0.00335544171202405,"positive",0.00147933792272109,0.00248919021952382,"positive",0.0116911616487477,0.00245605486646158,"positive",0.0126576948278024,TRUE
"loudness",0.284106967270512,"positive",2.75028079443741e-54,0.298126892178787,"positive",1.50380245966554e-67,0.305208795955244,"positive",7.68484076256999e-69,TRUE
"acousticness",-0.967986525487115,"negative",2.03169275812605e-08,-0.749214492413015,"negative",3.61737375386463e-06,-0.811680796519377,"negative",5.68540438391156e-07,TRUE
"speechiness",-1.85650997247162,"negative",1.4730840781434e-10,-1.65465850884434,"negative",2.38767802479937e-10,-1.62276300608988,"negative",4.33148193437886e-10,TRUE
"instrumentalness",-3.31685956313336,"negative",2.41623127806074e-17,-3.31731455692215,"negative",5.86056355950222e-18,-3.28226286215853,"negative",4.48387131154948e-19,TRUE
"liveness",-1.57453562139414,"negative",1.23738533856371e-17,-1.04486588426624,"negative",5.57701322951065e-11,-1.01243114888226,"negative",1.50089530256416e-10,TRUE
